{
  "version": "1.0",
  "timestamp": 1765610075.5357573,
  "folders": {
    "desktop": "C:\\Users\\kolyw\\Desktop",
    "downloads": "C:\\Users\\kolyw\\Downloads",
    "documents": "C:\\Users\\kolyw\\Documents",
    "pictures": "C:\\Users\\kolyw\\Pictures",
    "videos": "C:\\Users\\kolyw\\Videos",
    "music": "C:\\Users\\kolyw\\Music",
    "download": "C:\\Users\\kolyw\\Downloads",
    "pics": "C:\\Users\\kolyw\\Pictures",
    "photos": "C:\\Users\\kolyw\\Pictures",
    "vids": "C:\\Users\\kolyw\\Videos",
    "docs": "C:\\Users\\kolyw\\Documents"
  },
  "apps": {
    "livecaptions": {
      "path": "C:\\Users\\kolyw\\AppData\\Roaming\\Microsoft\\Windows\\Start Menu\\Programs\\Accessibility\\LiveCaptions.lnk",
      "type": "shortcut"
    },
    "magnify": {
      "path": "C:\\Users\\kolyw\\AppData\\Roaming\\Microsoft\\Windows\\Start Menu\\Programs\\Accessibility\\Magnify.lnk",
      "type": "shortcut"
    },
    "narrator": {
      "path": "C:\\Users\\kolyw\\AppData\\Roaming\\Microsoft\\Windows\\Start Menu\\Programs\\Accessibility\\Narrator.lnk",
      "type": "shortcut"
    },
    "on-screen keyboard": {
      "path": "C:\\Users\\kolyw\\AppData\\Roaming\\Microsoft\\Windows\\Start Menu\\Programs\\Accessibility\\On-Screen Keyboard.lnk",
      "type": "shortcut"
    },
    "voiceaccess": {
      "path": "C:\\Users\\kolyw\\AppData\\Roaming\\Microsoft\\Windows\\Start Menu\\Programs\\Accessibility\\VoiceAccess.lnk",
      "type": "shortcut"
    },
    "administrative tools": {
      "path": "C:\\Users\\kolyw\\AppData\\Roaming\\Microsoft\\Windows\\Start Menu\\Programs\\Administrative Tools.lnk",
      "type": "shortcut"
    },
    "grok": {
      "path": "C:\\Users\\kolyw\\AppData\\Roaming\\Microsoft\\Windows\\Start Menu\\Programs\\Chrome Apps\\Grok.lnk",
      "type": "shortcut"
    },
    "hianime.to": {
      "path": "C:\\Users\\kolyw\\AppData\\Roaming\\Microsoft\\Windows\\Start Menu\\Programs\\Chrome Apps\\hianime.to.lnk",
      "type": "shortcut"
    },
    "printables": {
      "path": "C:\\Users\\kolyw\\AppData\\Roaming\\Microsoft\\Windows\\Start Menu\\Programs\\Chrome Apps\\Printables.lnk",
      "type": "shortcut"
    },
    "tinkercad": {
      "path": "C:\\Users\\kolyw\\AppData\\Roaming\\Microsoft\\Windows\\Start Menu\\Programs\\Chrome Apps\\Tinkercad.lnk",
      "type": "shortcut"
    },
    "youtube music": {
      "path": "C:\\Users\\kolyw\\AppData\\Roaming\\Microsoft\\Windows\\Start Menu\\Programs\\Chrome Apps\\YouTube Music.lnk",
      "type": "shortcut"
    },
    "discord": {
      "path": "C:\\Users\\kolyw\\AppData\\Roaming\\Microsoft\\Windows\\Start Menu\\Programs\\Discord Inc\\Discord.lnk",
      "type": "shortcut"
    },
    "file explorer": {
      "path": "C:\\Users\\kolyw\\AppData\\Roaming\\Microsoft\\Windows\\Start Menu\\Programs\\File Explorer.lnk",
      "type": "shortcut"
    },
    "github desktop": {
      "path": "C:\\Users\\kolyw\\AppData\\Roaming\\Microsoft\\Windows\\Start Menu\\Programs\\GitHub, Inc\\GitHub Desktop.lnk",
      "type": "shortcut"
    },
    "ollama": {
      "path": "C:\\Users\\kolyw\\AppData\\Roaming\\Microsoft\\Windows\\Start Menu\\Programs\\Ollama\\Ollama.lnk",
      "type": "shortcut"
    },
    "onedrive": {
      "path": "C:\\Users\\kolyw\\AppData\\Roaming\\Microsoft\\Windows\\Start Menu\\Programs\\OneDrive.lnk",
      "type": "shortcut"
    },
    "idle (python 3.11 64-bit)": {
      "path": "C:\\Users\\kolyw\\AppData\\Roaming\\Microsoft\\Windows\\Start Menu\\Programs\\Python 3.11\\IDLE (Python 3.11 64-bit).lnk",
      "type": "shortcut"
    },
    "python 3.11 (64-bit)": {
      "path": "C:\\Users\\kolyw\\AppData\\Roaming\\Microsoft\\Windows\\Start Menu\\Programs\\Python 3.11\\Python 3.11 (64-bit).lnk",
      "type": "shortcut"
    },
    "python 3.11 manuals (64-bit)": {
      "path": "C:\\Users\\kolyw\\AppData\\Roaming\\Microsoft\\Windows\\Start Menu\\Programs\\Python 3.11\\Python 3.11 Manuals (64-bit).lnk",
      "type": "shortcut"
    },
    "python 3.11 module docs (64-bit)": {
      "path": "C:\\Users\\kolyw\\AppData\\Roaming\\Microsoft\\Windows\\Start Menu\\Programs\\Python 3.11\\Python 3.11 Module Docs (64-bit).lnk",
      "type": "shortcut"
    },
    "rockstar games launcher": {
      "path": "C:\\Users\\kolyw\\AppData\\Roaming\\Microsoft\\Windows\\Start Menu\\Programs\\Rockstar Games\\Rockstar Games Launcher.lnk",
      "type": "shortcut"
    },
    "soulframe": {
      "path": "C:\\Users\\kolyw\\AppData\\Roaming\\Microsoft\\Windows\\Start Menu\\Programs\\Soulframe\\Soulframe.lnk",
      "type": "shortcut"
    },
    "steam": {
      "path": "C:\\Users\\kolyw\\AppData\\Roaming\\Microsoft\\Windows\\Start Menu\\Programs\\Steam\\Steam.lnk",
      "type": "shortcut"
    },
    "command prompt": {
      "path": "C:\\Users\\kolyw\\AppData\\Roaming\\Microsoft\\Windows\\Start Menu\\Programs\\System Tools\\Command Prompt.lnk",
      "type": "shortcut"
    },
    "control panel": {
      "path": "C:\\Users\\kolyw\\AppData\\Roaming\\Microsoft\\Windows\\Start Menu\\Programs\\System Tools\\Control Panel.lnk",
      "type": "shortcut"
    },
    "run": {
      "path": "C:\\Users\\kolyw\\AppData\\Roaming\\Microsoft\\Windows\\Start Menu\\Programs\\System Tools\\Run.lnk",
      "type": "shortcut"
    },
    "telegram": {
      "path": "C:\\Users\\kolyw\\AppData\\Roaming\\Microsoft\\Windows\\Start Menu\\Programs\\Telegram Desktop\\Telegram.lnk",
      "type": "shortcut"
    },
    "trophi.ai": {
      "path": "C:\\Users\\kolyw\\AppData\\Roaming\\Microsoft\\Windows\\Start Menu\\Programs\\trophi.ai\\trophi.ai.lnk",
      "type": "shortcut"
    },
    "visual studio code": {
      "path": "C:\\Users\\kolyw\\AppData\\Roaming\\Microsoft\\Windows\\Start Menu\\Programs\\Visual Studio Code\\Visual Studio Code.lnk",
      "type": "shortcut"
    },
    "windows powershell (x86)": {
      "path": "C:\\Users\\kolyw\\AppData\\Roaming\\Microsoft\\Windows\\Start Menu\\Programs\\Windows PowerShell\\Windows PowerShell (x86).lnk",
      "type": "shortcut"
    },
    "windows powershell": {
      "path": "C:\\Users\\kolyw\\AppData\\Roaming\\Microsoft\\Windows\\Start Menu\\Programs\\Windows PowerShell\\Windows PowerShell.lnk",
      "type": "shortcut"
    },
    "console rar manual": {
      "path": "C:\\Users\\kolyw\\AppData\\Roaming\\Microsoft\\Windows\\Start Menu\\Programs\\WinRAR\\Console RAR manual.lnk",
      "type": "shortcut"
    },
    "what is new in the latest version": {
      "path": "C:\\Users\\kolyw\\AppData\\Roaming\\Microsoft\\Windows\\Start Menu\\Programs\\WinRAR\\What is new in the latest version.lnk",
      "type": "shortcut"
    },
    "winrar": {
      "path": "C:\\Users\\kolyw\\AppData\\Roaming\\Microsoft\\Windows\\Start Menu\\Programs\\WinRAR\\WinRAR.lnk",
      "type": "shortcut"
    },
    "quick assist": {
      "path": "C:\\ProgramData\\Microsoft\\Windows\\Start Menu\\Programs\\Accessories\\Quick Assist.lnk",
      "type": "shortcut"
    },
    "remote desktop connection": {
      "path": "C:\\ProgramData\\Microsoft\\Windows\\Start Menu\\Programs\\Accessories\\Remote Desktop Connection.lnk",
      "type": "shortcut"
    },
    "steps recorder": {
      "path": "C:\\ProgramData\\Microsoft\\Windows\\Start Menu\\Programs\\Accessories\\Steps Recorder.lnk",
      "type": "shortcut"
    },
    "character map": {
      "path": "C:\\ProgramData\\Microsoft\\Windows\\Start Menu\\Programs\\Accessories\\System Tools\\Character Map.lnk",
      "type": "shortcut"
    },
    "windows fax and scan": {
      "path": "C:\\ProgramData\\Microsoft\\Windows\\Start Menu\\Programs\\Accessories\\Windows Fax and Scan.lnk",
      "type": "shortcut"
    },
    "windows media player legacy": {
      "path": "C:\\ProgramData\\Microsoft\\Windows\\Start Menu\\Programs\\Accessories\\Windows Media Player Legacy.lnk",
      "type": "shortcut"
    },
    "component services": {
      "path": "C:\\ProgramData\\Microsoft\\Windows\\Start Menu\\Programs\\Administrative Tools\\Component Services.lnk",
      "type": "shortcut"
    },
    "computer management": {
      "path": "C:\\ProgramData\\Microsoft\\Windows\\Start Menu\\Programs\\Administrative Tools\\Computer Management.lnk",
      "type": "shortcut"
    },
    "dfrgui": {
      "path": "C:\\ProgramData\\Microsoft\\Windows\\Start Menu\\Programs\\Administrative Tools\\dfrgui.lnk",
      "type": "shortcut"
    },
    "disk cleanup": {
      "path": "C:\\ProgramData\\Microsoft\\Windows\\Start Menu\\Programs\\Administrative Tools\\Disk Cleanup.lnk",
      "type": "shortcut"
    },
    "event viewer": {
      "path": "C:\\ProgramData\\Microsoft\\Windows\\Start Menu\\Programs\\Administrative Tools\\Event Viewer.lnk",
      "type": "shortcut"
    },
    "iscsi initiator": {
      "path": "C:\\ProgramData\\Microsoft\\Windows\\Start Menu\\Programs\\Administrative Tools\\iSCSI Initiator.lnk",
      "type": "shortcut"
    },
    "memory diagnostics tool": {
      "path": "C:\\ProgramData\\Microsoft\\Windows\\Start Menu\\Programs\\Administrative Tools\\Memory Diagnostics Tool.lnk",
      "type": "shortcut"
    },
    "odbc data sources (32-bit)": {
      "path": "C:\\ProgramData\\Microsoft\\Windows\\Start Menu\\Programs\\Administrative Tools\\ODBC Data Sources (32-bit).lnk",
      "type": "shortcut"
    },
    "odbc data sources (64-bit)": {
      "path": "C:\\ProgramData\\Microsoft\\Windows\\Start Menu\\Programs\\Administrative Tools\\ODBC Data Sources (64-bit).lnk",
      "type": "shortcut"
    },
    "performance monitor": {
      "path": "C:\\ProgramData\\Microsoft\\Windows\\Start Menu\\Programs\\Administrative Tools\\Performance Monitor.lnk",
      "type": "shortcut"
    },
    "print management": {
      "path": "C:\\ProgramData\\Microsoft\\Windows\\Start Menu\\Programs\\Administrative Tools\\Print Management.lnk",
      "type": "shortcut"
    },
    "recoverydrive": {
      "path": "C:\\ProgramData\\Microsoft\\Windows\\Start Menu\\Programs\\Administrative Tools\\RecoveryDrive.lnk",
      "type": "shortcut"
    },
    "registry editor": {
      "path": "C:\\ProgramData\\Microsoft\\Windows\\Start Menu\\Programs\\Administrative Tools\\Registry Editor.lnk",
      "type": "shortcut"
    },
    "resource monitor": {
      "path": "C:\\ProgramData\\Microsoft\\Windows\\Start Menu\\Programs\\Administrative Tools\\Resource Monitor.lnk",
      "type": "shortcut"
    },
    "security configuration management": {
      "path": "C:\\ProgramData\\Microsoft\\Windows\\Start Menu\\Programs\\Administrative Tools\\Security Configuration Management.lnk",
      "type": "shortcut"
    },
    "services": {
      "path": "C:\\ProgramData\\Microsoft\\Windows\\Start Menu\\Programs\\Administrative Tools\\services.lnk",
      "type": "shortcut"
    },
    "system configuration": {
      "path": "C:\\ProgramData\\Microsoft\\Windows\\Start Menu\\Programs\\Administrative Tools\\System Configuration.lnk",
      "type": "shortcut"
    },
    "system information": {
      "path": "C:\\ProgramData\\Microsoft\\Windows\\Start Menu\\Programs\\Administrative Tools\\System Information.lnk",
      "type": "shortcut"
    },
    "task scheduler": {
      "path": "C:\\ProgramData\\Microsoft\\Windows\\Start Menu\\Programs\\Administrative Tools\\Task Scheduler.lnk",
      "type": "shortcut"
    },
    "windows defender firewall with advanced security": {
      "path": "C:\\ProgramData\\Microsoft\\Windows\\Start Menu\\Programs\\Administrative Tools\\Windows Defender Firewall with Advanced Security.lnk",
      "type": "shortcut"
    },
    "arduino ide": {
      "path": "C:\\ProgramData\\Microsoft\\Windows\\Start Menu\\Programs\\Arduino IDE.lnk",
      "type": "shortcut"
    },
    "bakkesmod": {
      "path": "C:\\ProgramData\\Microsoft\\Windows\\Start Menu\\Programs\\BakkesMod.lnk",
      "type": "shortcut"
    },
    "battlestate games launcher": {
      "path": "C:\\ProgramData\\Microsoft\\Windows\\Start Menu\\Programs\\Battlestate Games\\Battlestate Games Launcher.lnk",
      "type": "shortcut"
    },
    "creality print 6.3": {
      "path": "C:\\ProgramData\\Microsoft\\Windows\\Start Menu\\Programs\\Creality Print\\Creality Print 6.3.lnk",
      "type": "shortcut"
    },
    "crealityprint": {
      "path": "C:\\ProgramData\\Microsoft\\Windows\\Start Menu\\Programs\\Creality Print\\CrealityPrint.lnk",
      "type": "shortcut"
    },
    "app recovery": {
      "path": "C:\\ProgramData\\Microsoft\\Windows\\Start Menu\\Programs\\EA\\App Recovery.lnk",
      "type": "shortcut"
    },
    "ea app updater": {
      "path": "C:\\ProgramData\\Microsoft\\Windows\\Start Menu\\Programs\\EA\\EA app Updater.lnk",
      "type": "shortcut"
    },
    "ea error reporter": {
      "path": "C:\\ProgramData\\Microsoft\\Windows\\Start Menu\\Programs\\EA\\EA Error Reporter.lnk",
      "type": "shortcut"
    },
    "ea updater": {
      "path": "C:\\ProgramData\\Microsoft\\Windows\\Start Menu\\Programs\\EA\\EA Updater.lnk",
      "type": "shortcut"
    },
    "ea": {
      "path": "C:\\ProgramData\\Microsoft\\Windows\\Start Menu\\Programs\\EA\\EA.lnk",
      "type": "shortcut"
    },
    "epic games launcher": {
      "path": "C:\\ProgramData\\Microsoft\\Windows\\Start Menu\\Programs\\Epic Games Launcher.lnk",
      "type": "shortcut"
    },
    "flashprint 5": {
      "path": "C:\\ProgramData\\Microsoft\\Windows\\Start Menu\\Programs\\Flashforge\\FlashPrint 5 (x64)\\FlashPrint 5.lnk",
      "type": "shortcut"
    },
    "git bash": {
      "path": "C:\\ProgramData\\Microsoft\\Windows\\Start Menu\\Programs\\Git\\Git Bash.lnk",
      "type": "shortcut"
    },
    "git cmd": {
      "path": "C:\\ProgramData\\Microsoft\\Windows\\Start Menu\\Programs\\Git\\Git CMD.lnk",
      "type": "shortcut"
    },
    "git gui": {
      "path": "C:\\ProgramData\\Microsoft\\Windows\\Start Menu\\Programs\\Git\\Git GUI.lnk",
      "type": "shortcut"
    },
    "git release notes": {
      "path": "C:\\ProgramData\\Microsoft\\Windows\\Start Menu\\Programs\\Git\\Git Release Notes.lnk",
      "type": "shortcut"
    },
    "google chrome": {
      "path": "C:\\ProgramData\\Microsoft\\Windows\\Start Menu\\Programs\\Google Chrome.lnk",
      "type": "shortcut"
    },
    "logitech g hub": {
      "path": "C:\\ProgramData\\Microsoft\\Windows\\Start Menu\\Programs\\Logi\\Logitech G HUB.lnk",
      "type": "shortcut"
    },
    "super mario 64": {
      "path": "C:\\ProgramData\\Microsoft\\Windows\\Start Menu\\Programs\\MagiPacks\\Super Mario 64.lnk",
      "type": "shortcut"
    },
    "mpluginmanager": {
      "path": "C:\\ProgramData\\Microsoft\\Windows\\Start Menu\\Programs\\MeldaProduction\\MPluginManager.lnk",
      "type": "shortcut"
    },
    "microsoft edge": {
      "path": "C:\\ProgramData\\Microsoft\\Windows\\Start Menu\\Programs\\Microsoft Edge.lnk",
      "type": "shortcut"
    },
    "musehub": {
      "path": "C:\\ProgramData\\Microsoft\\Windows\\Start Menu\\Programs\\MuseHub.lnk",
      "type": "shortcut"
    },
    "notepad++": {
      "path": "C:\\ProgramData\\Microsoft\\Windows\\Start Menu\\Programs\\Notepad++.lnk",
      "type": "shortcut"
    },
    "nvidia app": {
      "path": "C:\\ProgramData\\Microsoft\\Windows\\Start Menu\\Programs\\NVIDIA Corporation\\NVIDIA App.lnk",
      "type": "shortcut"
    },
    "pageant": {
      "path": "C:\\ProgramData\\Microsoft\\Windows\\Start Menu\\Programs\\PuTTY (64-bit)\\Pageant.lnk",
      "type": "shortcut"
    },
    "psftp": {
      "path": "C:\\ProgramData\\Microsoft\\Windows\\Start Menu\\Programs\\PuTTY (64-bit)\\PSFTP.lnk",
      "type": "shortcut"
    },
    "putty manual": {
      "path": "C:\\ProgramData\\Microsoft\\Windows\\Start Menu\\Programs\\PuTTY (64-bit)\\PuTTY Manual.lnk",
      "type": "shortcut"
    },
    "putty web site": {
      "path": "C:\\ProgramData\\Microsoft\\Windows\\Start Menu\\Programs\\PuTTY (64-bit)\\PuTTY Web Site.lnk",
      "type": "shortcut"
    },
    "putty": {
      "path": "C:\\ProgramData\\Microsoft\\Windows\\Start Menu\\Programs\\PuTTY (64-bit)\\PuTTY.lnk",
      "type": "shortcut"
    },
    "puttygen": {
      "path": "C:\\ProgramData\\Microsoft\\Windows\\Start Menu\\Programs\\PuTTY (64-bit)\\PuTTYgen.lnk",
      "type": "shortcut"
    },
    "raspberry pi imager": {
      "path": "C:\\ProgramData\\Microsoft\\Windows\\Start Menu\\Programs\\Raspberry Pi\\Raspberry Pi Imager.lnk",
      "type": "shortcut"
    },
    "sunshine": {
      "path": "C:\\ProgramData\\Microsoft\\Windows\\Start Menu\\Programs\\Sunshine\\Sunshine.lnk",
      "type": "shortcut"
    },
    "task manager": {
      "path": "C:\\ProgramData\\Microsoft\\Windows\\Start Menu\\Programs\\System Tools\\Task Manager.lnk",
      "type": "shortcut"
    },
    "virtual desktop streamer": {
      "path": "C:\\ProgramData\\Microsoft\\Windows\\Start Menu\\Programs\\Virtual Desktop Streamer\\Virtual Desktop Streamer.lnk",
      "type": "shortcut"
    },
    "debuggable package manager": {
      "path": "C:\\ProgramData\\Microsoft\\Windows\\Start Menu\\Programs\\Visual Studio 2022\\Visual Studio Tools\\Debuggable Package Manager.lnk",
      "type": "shortcut"
    },
    "developer command prompt for vs 2022": {
      "path": "C:\\ProgramData\\Microsoft\\Windows\\Start Menu\\Programs\\Visual Studio 2022\\Visual Studio Tools\\Developer Command Prompt for VS 2022.lnk",
      "type": "shortcut"
    },
    "developer powershell for vs 2022": {
      "path": "C:\\ProgramData\\Microsoft\\Windows\\Start Menu\\Programs\\Visual Studio 2022\\Visual Studio Tools\\Developer PowerShell for VS 2022.lnk",
      "type": "shortcut"
    },
    "visual studio installer": {
      "path": "C:\\ProgramData\\Microsoft\\Windows\\Start Menu\\Programs\\Visual Studio Installer.lnk",
      "type": "shortcut"
    },
    "application verifier (x64)": {
      "path": "C:\\ProgramData\\Microsoft\\Windows\\Start Menu\\Programs\\Windows Kits\\Application Verifier (X64)\\Application Verifier (X64).lnk",
      "type": "shortcut"
    },
    "application verifier (wow)": {
      "path": "C:\\ProgramData\\Microsoft\\Windows\\Start Menu\\Programs\\Windows Kits\\Application Verifier (X86)\\Application Verifier (WOW).lnk",
      "type": "shortcut"
    },
    "windows app cert kit": {
      "path": "C:\\ProgramData\\Microsoft\\Windows\\Start Menu\\Programs\\Windows Kits\\Windows App Certification Kit\\Windows App Cert Kit.lnk",
      "type": "shortcut"
    },
    "documentation for desktop apps": {
      "path": "C:\\ProgramData\\Microsoft\\Windows\\Start Menu\\Programs\\Windows Kits\\Windows Software Development Kit\\Documentation for Desktop Apps.lnk",
      "type": "shortcut"
    },
    "documentation for uwp apps": {
      "path": "C:\\ProgramData\\Microsoft\\Windows\\Start Menu\\Programs\\Windows Kits\\Windows Software Development Kit\\Documentation for UWP Apps.lnk",
      "type": "shortcut"
    },
    "sample desktop apps": {
      "path": "C:\\ProgramData\\Microsoft\\Windows\\Start Menu\\Programs\\Windows Kits\\Windows Software Development Kit\\Sample Desktop Apps.lnk",
      "type": "shortcut"
    },
    "sample uwp apps": {
      "path": "C:\\ProgramData\\Microsoft\\Windows\\Start Menu\\Programs\\Windows Kits\\Windows Software Development Kit\\Sample UWP Apps.lnk",
      "type": "shortcut"
    },
    "tools for desktop apps": {
      "path": "C:\\ProgramData\\Microsoft\\Windows\\Start Menu\\Programs\\Windows Kits\\Windows Software Development Kit\\Tools for Desktop Apps.lnk",
      "type": "shortcut"
    },
    "tools for uwp apps": {
      "path": "C:\\ProgramData\\Microsoft\\Windows\\Start Menu\\Programs\\Windows Kits\\Windows Software Development Kit\\Tools for UWP Apps.lnk",
      "type": "shortcut"
    },
    "windows software development kit": {
      "path": "C:\\ProgramData\\Microsoft\\Windows\\Start Menu\\Programs\\Windows Kits\\Windows Software Development Kit\\Windows Software Development Kit.lnk",
      "type": "shortcut"
    },
    "windows powershell ise (x86) (1)": {
      "path": "C:\\ProgramData\\Microsoft\\Windows\\Start Menu\\Programs\\Windows PowerShell\\Windows PowerShell ISE (x86) (1).lnk",
      "type": "shortcut"
    },
    "windows powershell ise (x86)": {
      "path": "C:\\ProgramData\\Microsoft\\Windows\\Start Menu\\Programs\\Windows PowerShell\\Windows PowerShell ISE (x86).lnk",
      "type": "shortcut"
    },
    "windows powershell ise": {
      "path": "C:\\ProgramData\\Microsoft\\Windows\\Start Menu\\Programs\\Windows PowerShell\\Windows PowerShell ISE.lnk",
      "type": "shortcut"
    },
    "wsl settings": {
      "path": "C:\\ProgramData\\Microsoft\\Windows\\Start Menu\\Programs\\WSL Settings.lnk",
      "type": "shortcut"
    },
    "wsl": {
      "path": "C:\\ProgramData\\Microsoft\\Windows\\Start Menu\\Programs\\WSL.lnk",
      "type": "shortcut"
    },
    "notepad": {
      "path": "C:\\Windows\\System32\\notepad.exe",
      "type": "exe"
    },
    "calc": {
      "path": "C:\\Windows\\System32\\calc.exe",
      "type": "exe"
    },
    "calculator": {
      "path": "C:\\Windows\\System32\\calc.exe",
      "type": "exe"
    },
    "explorer": {
      "path": "C:\\Windows\\explorer.exe",
      "type": "exe"
    },
    "chrome": {
      "path": "C:\\Program Files\\Google\\Chrome\\Application\\chrome.exe",
      "type": "exe"
    },
    "edge": {
      "path": "C:\\Program Files (x86)\\Microsoft\\Edge\\Application\\msedge.exe",
      "type": "exe"
    },
    "vscode": {
      "path": "C:\\Users\\kolyw\\AppData\\Local\\Programs\\Microsoft VS Code\\Code.exe",
      "type": "exe"
    },
    "cmd": {
      "path": "C:\\Windows\\System32\\cmd.exe",
      "type": "exe"
    },
    "powershell": {
      "path": "C:\\Windows\\System32\\WindowsPowerShell\\v1.0\\powershell.exe",
      "type": "exe"
    }
  },
  "aliases": {},
  "tier2_apps": [
    {
      "name": "Arduino Ide",
      "exe_path": "C:\\Program Files\\Arduino IDE\\Arduino IDE.exe",
      "source": "program_files",
      "folder": "Arduino IDE",
      "mtime": 1744198488.0
    },
    {
      "name": "Elevate",
      "exe_path": "C:\\Program Files\\Arduino IDE\\resources\\elevate.exe",
      "source": "program_files",
      "folder": "resources",
      "mtime": 1744198488.0
    },
    {
      "name": "Bakkesmod",
      "exe_path": "C:\\Program Files\\BakkesMod\\BakkesMod.exe",
      "source": "program_files",
      "folder": "BakkesMod",
      "mtime": 1674532126.0
    },
    {
      "name": "Crealityprint",
      "exe_path": "C:\\Program Files\\Creality\\Creality Print 6.3\\CrealityPrint.exe",
      "source": "program_files",
      "folder": "Creality Print 6.3",
      "mtime": 1759137972.0
    },
    {
      "name": "Curl",
      "exe_path": "C:\\Program Files\\Creality\\Creality Print 6.3\\curl.exe",
      "source": "program_files",
      "folder": "Creality Print 6.3",
      "mtime": 1755225662.0
    },
    {
      "name": "Stl Thumb",
      "exe_path": "C:\\Program Files\\Creality\\Creality Print 6.3\\stl-thumb.exe",
      "source": "program_files",
      "folder": "Creality Print 6.3",
      "mtime": 1747282072.0
    },
    {
      "name": "Stlthumb Windows 0.5.0",
      "exe_path": "C:\\Program Files\\Creality\\Creality Print 6.3\\STLThumb-Windows_0.5.0.exe",
      "source": "program_files",
      "folder": "Creality Print 6.3",
      "mtime": 1747282072.0
    },
    {
      "name": "Vcredist X64",
      "exe_path": "C:\\Program Files\\Creality\\Creality Print 6.3\\vcredist_x64.exe",
      "source": "program_files",
      "folder": "Creality Print 6.3",
      "mtime": 1736157556.0
    },
    {
      "name": "Dpinst Amd64",
      "exe_path": "C:\\Program Files\\DIFX\\FE74CCA76FE36A56\\dpinst_amd64.exe",
      "source": "program_files",
      "folder": "FE74CCA76FE36A56",
      "mtime": 1667971652.9958546
    },
    {
      "name": "Docker Ai",
      "exe_path": "C:\\Program Files\\Docker\\cli-plugins\\docker-ai.exe",
      "source": "program_files",
      "folder": "cli-plugins",
      "mtime": 1763185770.0138621
    },
    {
      "name": "Docker Buildx",
      "exe_path": "C:\\Program Files\\Docker\\cli-plugins\\docker-buildx.exe",
      "source": "program_files",
      "folder": "cli-plugins",
      "mtime": 1763185771.0188522
    },
    {
      "name": "Docker Compose",
      "exe_path": "C:\\Program Files\\Docker\\cli-plugins\\docker-compose.exe",
      "source": "program_files",
      "folder": "cli-plugins",
      "mtime": 1763185771.898532
    },
    {
      "name": "Docker Debug",
      "exe_path": "C:\\Program Files\\Docker\\cli-plugins\\docker-debug.exe",
      "source": "program_files",
      "folder": "cli-plugins",
      "mtime": 1763185772.1623678
    },
    {
      "name": "Docker Desktop",
      "exe_path": "C:\\Program Files\\Docker\\cli-plugins\\docker-desktop.exe",
      "source": "program_files",
      "folder": "cli-plugins",
      "mtime": 1763185772.402886
    },
    {
      "name": "Docker Extension",
      "exe_path": "C:\\Program Files\\Docker\\cli-plugins\\docker-extension.exe",
      "source": "program_files",
      "folder": "cli-plugins",
      "mtime": 1763185772.76373
    },
    {
      "name": "Docker Init",
      "exe_path": "C:\\Program Files\\Docker\\cli-plugins\\docker-init.exe",
      "source": "program_files",
      "folder": "cli-plugins",
      "mtime": 1763185773.10026
    },
    {
      "name": "Docker Mcp",
      "exe_path": "C:\\Program Files\\Docker\\cli-plugins\\docker-mcp.exe",
      "source": "program_files",
      "folder": "cli-plugins",
      "mtime": 1763185773.9527836
    },
    {
      "name": "Docker Model",
      "exe_path": "C:\\Program Files\\Docker\\cli-plugins\\docker-model.exe",
      "source": "program_files",
      "folder": "cli-plugins",
      "mtime": 1763185774.3442752
    },
    {
      "name": "Docker Offload",
      "exe_path": "C:\\Program Files\\Docker\\cli-plugins\\docker-offload.exe",
      "source": "program_files",
      "folder": "cli-plugins",
      "mtime": 1763185775.1005845
    },
    {
      "name": "Docker Sandbox",
      "exe_path": "C:\\Program Files\\Docker\\cli-plugins\\docker-sandbox.exe",
      "source": "program_files",
      "folder": "cli-plugins",
      "mtime": 1763185775.5324128
    },
    {
      "name": "Docker Sbom",
      "exe_path": "C:\\Program Files\\Docker\\cli-plugins\\docker-sbom.exe",
      "source": "program_files",
      "folder": "cli-plugins",
      "mtime": 1763185776.04176
    },
    {
      "name": "Docker Scout",
      "exe_path": "C:\\Program Files\\Docker\\cli-plugins\\docker-scout.exe",
      "source": "program_files",
      "folder": "cli-plugins",
      "mtime": 1763185778.1832042
    },
    {
      "name": "Courgette64",
      "exe_path": "C:\\Program Files\\Docker\\Docker\\courgette64.exe",
      "source": "program_files",
      "folder": "Docker",
      "mtime": 1763185757.4567997
    },
    {
      "name": "Docker Desktop",
      "exe_path": "C:\\Program Files\\Docker\\Docker\\Docker Desktop.exe",
      "source": "program_files",
      "folder": "Docker",
      "mtime": 1763185758.0119698
    },
    {
      "name": "Dockercli",
      "exe_path": "C:\\Program Files\\Docker\\Docker\\DockerCli.exe",
      "source": "program_files",
      "folder": "Docker",
      "mtime": 1763185758.2380028
    },
    {
      "name": "Dokanctl",
      "exe_path": "C:\\Program Files\\Dokan\\Dokan Library-2.3.1\\dokanctl.exe",
      "source": "program_files",
      "folder": "Dokan Library-2.3.1",
      "mtime": 1759095110.0
    },
    {
      "name": "Pioneergame",
      "exe_path": "C:\\Program Files\\Epic Games\\ARCRaiders\\PioneerGame.exe",
      "source": "program_files",
      "folder": "ARCRaiders",
      "mtime": 1763052255.4561808
    },
    {
      "name": "Start Protected Game",
      "exe_path": "C:\\Program Files\\Epic Games\\ARCRaiders\\start_protected_game.exe",
      "source": "program_files",
      "folder": "ARCRaiders",
      "mtime": 1761887301.5416758
    },
    {
      "name": "Espeak Ng",
      "exe_path": "C:\\Program Files\\eSpeak NG\\espeak-ng.exe",
      "source": "program_files",
      "folder": "eSpeak NG",
      "mtime": 1734028192.0
    },
    {
      "name": "Flashprint",
      "exe_path": "C:\\Program Files\\Flashforge\\FlashPrint 5\\FlashPrint.exe",
      "source": "program_files",
      "folder": "FlashPrint 5",
      "mtime": 1722835055.023584
    },
    {
      "name": "Orca Flashforge",
      "exe_path": "C:\\Program Files\\Flashforge\\Orca-Flashforge\\orca-flashforge.exe",
      "source": "program_files",
      "folder": "Orca-Flashforge",
      "mtime": 1753074014.4819653
    },
    {
      "name": "Bash",
      "exe_path": "C:\\Program Files\\Git\\bin\\bash.exe",
      "source": "program_files",
      "folder": "bin",
      "mtime": 1759197042.0
    },
    {
      "name": "Git",
      "exe_path": "C:\\Program Files\\Git\\bin\\git.exe",
      "source": "program_files",
      "folder": "bin",
      "mtime": 1759197042.0
    },
    {
      "name": "Sh",
      "exe_path": "C:\\Program Files\\Git\\bin\\sh.exe",
      "source": "program_files",
      "folder": "bin",
      "mtime": 1759197042.0
    },
    {
      "name": "Git Gui",
      "exe_path": "C:\\Program Files\\Git\\cmd\\git-gui.exe",
      "source": "program_files",
      "folder": "cmd",
      "mtime": 1759197042.0
    },
    {
      "name": "Git Lfs",
      "exe_path": "C:\\Program Files\\Git\\cmd\\git-lfs.exe",
      "source": "program_files",
      "folder": "cmd",
      "mtime": 1759197042.0
    },
    {
      "name": "Git Receive Pack",
      "exe_path": "C:\\Program Files\\Git\\cmd\\git-receive-pack.exe",
      "source": "program_files",
      "folder": "cmd",
      "mtime": 1759197042.0
    },
    {
      "name": "Git Upload Pack",
      "exe_path": "C:\\Program Files\\Git\\cmd\\git-upload-pack.exe",
      "source": "program_files",
      "folder": "cmd",
      "mtime": 1759197042.0
    },
    {
      "name": "Git",
      "exe_path": "C:\\Program Files\\Git\\cmd\\git.exe",
      "source": "program_files",
      "folder": "cmd",
      "mtime": 1759197042.0
    },
    {
      "name": "Gitk",
      "exe_path": "C:\\Program Files\\Git\\cmd\\gitk.exe",
      "source": "program_files",
      "folder": "cmd",
      "mtime": 1759197042.0
    },
    {
      "name": "Scalar",
      "exe_path": "C:\\Program Files\\Git\\cmd\\scalar.exe",
      "source": "program_files",
      "folder": "cmd",
      "mtime": 1759197042.0
    },
    {
      "name": "Tig",
      "exe_path": "C:\\Program Files\\Git\\cmd\\tig.exe",
      "source": "program_files",
      "folder": "cmd",
      "mtime": 1759197042.0
    },
    {
      "name": "Git Bash",
      "exe_path": "C:\\Program Files\\Git\\git-bash.exe",
      "source": "program_files",
      "folder": "Git",
      "mtime": 1759197042.0
    },
    {
      "name": "Git Cmd",
      "exe_path": "C:\\Program Files\\Git\\git-cmd.exe",
      "source": "program_files",
      "folder": "Git",
      "mtime": 1759197042.0
    },
    {
      "name": "Extexport",
      "exe_path": "C:\\Program Files\\Internet Explorer\\ExtExport.exe",
      "source": "program_files",
      "folder": "Internet Explorer",
      "mtime": 1765307913.1027968
    },
    {
      "name": "Iediagcmd",
      "exe_path": "C:\\Program Files\\Internet Explorer\\iediagcmd.exe",
      "source": "program_files",
      "folder": "Internet Explorer",
      "mtime": 1765307913.1017962
    },
    {
      "name": "Ieinstal",
      "exe_path": "C:\\Program Files\\Internet Explorer\\ieinstal.exe",
      "source": "program_files",
      "folder": "Internet Explorer",
      "mtime": 1765307913.2357178
    },
    {
      "name": "Ielowutil",
      "exe_path": "C:\\Program Files\\Internet Explorer\\ielowutil.exe",
      "source": "program_files",
      "folder": "Internet Explorer",
      "mtime": 1764190788.1764739
    },
    {
      "name": "Iexplore",
      "exe_path": "C:\\Program Files\\Internet Explorer\\iexplore.exe",
      "source": "program_files",
      "folder": "Internet Explorer",
      "mtime": 1765307913.136369
    },
    {
      "name": "Lghub",
      "exe_path": "C:\\Program Files\\LGHUB\\lghub.exe",
      "source": "program_files",
      "folder": "LGHUB",
      "mtime": 1764799562.9191775
    },
    {
      "name": "Lghub Agent",
      "exe_path": "C:\\Program Files\\LGHUB\\lghub_agent.exe",
      "source": "program_files",
      "folder": "LGHUB",
      "mtime": 1764799560.570578
    },
    {
      "name": "Lghub Gl",
      "exe_path": "C:\\Program Files\\LGHUB\\lghub_gl.exe",
      "source": "program_files",
      "folder": "LGHUB",
      "mtime": 1764799552.3486593
    },
    {
      "name": "Lghub Software Manager",
      "exe_path": "C:\\Program Files\\LGHUB\\lghub_software_manager.exe",
      "source": "program_files",
      "folder": "LGHUB",
      "mtime": 1764799560.5132177
    },
    {
      "name": "Lghub Sso Handler",
      "exe_path": "C:\\Program Files\\LGHUB\\lghub_sso_handler.exe",
      "source": "program_files",
      "folder": "LGHUB",
      "mtime": 1764799560.5807378
    },
    {
      "name": "Lghub System Tray",
      "exe_path": "C:\\Program Files\\LGHUB\\system_tray\\lghub_system_tray.exe",
      "source": "program_files",
      "folder": "system_tray",
      "mtime": 1764799560.7323666
    },
    {
      "name": "Vcredist X64",
      "exe_path": "C:\\Program Files\\MeldaProduction\\vcredist_x64.exe",
      "source": "program_files",
      "folder": "MeldaProduction",
      "mtime": 1708686944.0
    },
    {
      "name": "Gameinputrawinputproxy",
      "exe_path": "C:\\Program Files\\Microsoft GameInput\\x64\\GameInputRawInputProxy.exe",
      "source": "program_files",
      "folder": "x64",
      "mtime": 1760977928.0
    },
    {
      "name": "Uhssvc",
      "exe_path": "C:\\Program Files\\Microsoft Update Health Tools\\uhssvc.exe",
      "source": "program_files",
      "folder": "Microsoft Update Health Tools",
      "mtime": 1695689034.0
    },
    {
      "name": "Createdump",
      "exe_path": "C:\\Program Files\\MuseHub\\current\\createdump.exe",
      "source": "program_files",
      "folder": "current",
      "mtime": 1758828564.0
    },
    {
      "name": "Musehub",
      "exe_path": "C:\\Program Files\\MuseHub\\current\\MuseHub.exe",
      "source": "program_files",
      "folder": "current",
      "mtime": 1762203388.0
    },
    {
      "name": "Restartagent",
      "exe_path": "C:\\Program Files\\MuseHub\\current\\RestartAgent.exe",
      "source": "program_files",
      "folder": "current",
      "mtime": 1757452916.0
    },
    {
      "name": "Nefconw",
      "exe_path": "C:\\Program Files\\Nefarius Software Solutions\\ViGEm Bus Driver\\nefconw.exe",
      "source": "program_files",
      "folder": "ViGEm Bus Driver",
      "mtime": 1657792075.7072713
    },
    {
      "name": "Notepad++",
      "exe_path": "C:\\Program Files\\Notepad++\\notepad++.exe",
      "source": "program_files",
      "folder": "Notepad++",
      "mtime": 1760967306.0
    },
    {
      "name": "Gup",
      "exe_path": "C:\\Program Files\\Notepad++\\updater\\GUP.exe",
      "source": "program_files",
      "folder": "updater",
      "mtime": 1760967316.0
    },
    {
      "name": "Nvfvsdksvc X64",
      "exe_path": "C:\\Program Files\\NVIDIA Corporation\\FrameViewSDK\\nvfvsdksvc_x64.exe",
      "source": "program_files",
      "folder": "FrameViewSDK",
      "mtime": 1760566956.1578722
    },
    {
      "name": "Nvcontainer",
      "exe_path": "C:\\Program Files\\NVIDIA Corporation\\NvContainer\\nvcontainer.exe",
      "source": "program_files",
      "folder": "NvContainer",
      "mtime": 1760565890.0
    },
    {
      "name": "7Z",
      "exe_path": "C:\\Program Files\\NVIDIA Corporation\\NVIDIA App\\7z.exe",
      "source": "program_files",
      "folder": "NVIDIA App",
      "mtime": 1760566951.6488235
    },
    {
      "name": "Darkmodecheck",
      "exe_path": "C:\\Program Files\\NVIDIA Corporation\\NVIDIA App\\DarkModeCheck.exe",
      "source": "program_files",
      "folder": "NVIDIA App",
      "mtime": 1760566951.5408216
    },
    {
      "name": "Pageant",
      "exe_path": "C:\\Program Files\\PuTTY\\pageant.exe",
      "source": "program_files",
      "folder": "PuTTY",
      "mtime": 1738423510.0
    },
    {
      "name": "Plink",
      "exe_path": "C:\\Program Files\\PuTTY\\plink.exe",
      "source": "program_files",
      "folder": "PuTTY",
      "mtime": 1738423488.0
    },
    {
      "name": "Pscp",
      "exe_path": "C:\\Program Files\\PuTTY\\pscp.exe",
      "source": "program_files",
      "folder": "PuTTY",
      "mtime": 1738423496.0
    },
    {
      "name": "Psftp",
      "exe_path": "C:\\Program Files\\PuTTY\\psftp.exe",
      "source": "program_files",
      "folder": "PuTTY",
      "mtime": 1738423502.0
    },
    {
      "name": "Putty",
      "exe_path": "C:\\Program Files\\PuTTY\\putty.exe",
      "source": "program_files",
      "folder": "PuTTY",
      "mtime": 1738423516.0
    },
    {
      "name": "Puttygen",
      "exe_path": "C:\\Program Files\\PuTTY\\puttygen.exe",
      "source": "program_files",
      "folder": "PuTTY",
      "mtime": 1738423530.0
    },
    {
      "name": "Rpi Imager",
      "exe_path": "C:\\Program Files\\Raspberry Pi Imager\\rpi-imager.exe",
      "source": "program_files",
      "folder": "Raspberry Pi Imager",
      "mtime": 1753113176.0
    },
    {
      "name": "Launcherpatcher",
      "exe_path": "C:\\Program Files\\Rockstar Games\\Launcher\\LauncherPatcher.exe",
      "source": "program_files",
      "folder": "Launcher",
      "mtime": 1760592956.197126
    },
    {
      "name": "Dtudriver",
      "exe_path": "C:\\Program Files\\RUXIM\\DTUDriver.exe",
      "source": "program_files",
      "folder": "RUXIM",
      "mtime": 1749257818.0
    },
    {
      "name": "Plugscheduler",
      "exe_path": "C:\\Program Files\\RUXIM\\PLUGScheduler.exe",
      "source": "program_files",
      "folder": "RUXIM",
      "mtime": 1749257818.0
    },
    {
      "name": "Ruximics",
      "exe_path": "C:\\Program Files\\RUXIM\\RUXIMICS.exe",
      "source": "program_files",
      "folder": "RUXIM",
      "mtime": 1749257818.0
    },
    {
      "name": "Ruximih",
      "exe_path": "C:\\Program Files\\RUXIM\\RUXIMIH.exe",
      "source": "program_files",
      "folder": "RUXIM",
      "mtime": 1749257818.0
    },
    {
      "name": "Sunshine",
      "exe_path": "C:\\Program Files\\Sunshine\\sunshine.exe",
      "source": "program_files",
      "folder": "Sunshine",
      "mtime": 1758729996.0
    },
    {
      "name": "Audio Info",
      "exe_path": "C:\\Program Files\\Sunshine\\tools\\audio-info.exe",
      "source": "program_files",
      "folder": "tools",
      "mtime": 1758729996.0
    },
    {
      "name": "Dxgi Info",
      "exe_path": "C:\\Program Files\\Sunshine\\tools\\dxgi-info.exe",
      "source": "program_files",
      "folder": "tools",
      "mtime": 1758729996.0
    },
    {
      "name": "Sunshinesvc",
      "exe_path": "C:\\Program Files\\Sunshine\\tools\\sunshinesvc.exe",
      "source": "program_files",
      "folder": "tools",
      "mtime": 1758729996.0
    },
    {
      "name": "Virtualdesktop.Server",
      "exe_path": "C:\\Program Files\\Virtual Desktop\\VirtualDesktop.Server.exe",
      "source": "program_files",
      "folder": "Virtual Desktop",
      "mtime": 1760446240.0
    },
    {
      "name": "Ffmpeg",
      "exe_path": "C:\\Program Files\\Virtual Desktop Streamer\\ffmpeg.exe",
      "source": "program_files",
      "folder": "Virtual Desktop Streamer",
      "mtime": 1743012402.4649622
    },
    {
      "name": "Ffprobe",
      "exe_path": "C:\\Program Files\\Virtual Desktop Streamer\\ffprobe.exe",
      "source": "program_files",
      "folder": "Virtual Desktop Streamer",
      "mtime": 1743012402.5906003
    },
    {
      "name": "Virtualdesktop.Streamer",
      "exe_path": "C:\\Program Files\\Virtual Desktop Streamer\\VirtualDesktop.Streamer.exe",
      "source": "program_files",
      "folder": "Virtual Desktop Streamer",
      "mtime": 1760914179.3000762
    },
    {
      "name": "Yt Dlp",
      "exe_path": "C:\\Program Files\\Virtual Desktop Streamer\\yt-dlp.exe",
      "source": "program_files",
      "folder": "Virtual Desktop Streamer",
      "mtime": 1743012403.680761
    },
    {
      "name": "Rar",
      "exe_path": "C:\\Program Files\\WinRAR\\Rar.exe",
      "source": "program_files",
      "folder": "WinRAR",
      "mtime": 1753694805.5027058
    },
    {
      "name": "Unrar",
      "exe_path": "C:\\Program Files\\WinRAR\\UnRAR.exe",
      "source": "program_files",
      "folder": "WinRAR",
      "mtime": 1753694808.278241
    },
    {
      "name": "Winrar",
      "exe_path": "C:\\Program Files\\WinRAR\\WinRAR.exe",
      "source": "program_files",
      "folder": "WinRAR",
      "mtime": 1753783052.180665
    },
    {
      "name": "Msal.Wsl.Proxy",
      "exe_path": "C:\\Program Files\\WSL\\msal.wsl.proxy.exe",
      "source": "program_files",
      "folder": "WSL",
      "mtime": 1732030886.0
    },
    {
      "name": "Msrdc",
      "exe_path": "C:\\Program Files\\WSL\\msrdc.exe",
      "source": "program_files",
      "folder": "WSL",
      "mtime": 1751438958.0
    },
    {
      "name": "Wsl",
      "exe_path": "C:\\Program Files\\WSL\\wsl.exe",
      "source": "program_files",
      "folder": "WSL",
      "mtime": 1760073936.0
    },
    {
      "name": "Wslg",
      "exe_path": "C:\\Program Files\\WSL\\wslg.exe",
      "source": "program_files",
      "folder": "WSL",
      "mtime": 1760073912.0
    },
    {
      "name": "Wslhost",
      "exe_path": "C:\\Program Files\\WSL\\wslhost.exe",
      "source": "program_files",
      "folder": "WSL",
      "mtime": 1760073938.0
    },
    {
      "name": "Wslrelay",
      "exe_path": "C:\\Program Files\\WSL\\wslrelay.exe",
      "source": "program_files",
      "folder": "WSL",
      "mtime": 1760073924.0
    },
    {
      "name": "Createdump",
      "exe_path": "C:\\Program Files\\WSL\\wslsettings\\createdump.exe",
      "source": "program_files",
      "folder": "wslsettings",
      "mtime": 1698782262.0
    },
    {
      "name": "Restartagent",
      "exe_path": "C:\\Program Files\\WSL\\wslsettings\\RestartAgent.exe",
      "source": "program_files",
      "folder": "wslsettings",
      "mtime": 1749239954.0
    },
    {
      "name": "Wslsettings",
      "exe_path": "C:\\Program Files\\WSL\\wslsettings\\wslsettings.exe",
      "source": "program_files",
      "folder": "wslsettings",
      "mtime": 1760074154.0
    },
    {
      "name": "Easyanticheat Eos",
      "exe_path": "C:\\Program Files (x86)\\EasyAntiCheat_EOS\\EasyAntiCheat_EOS.exe",
      "source": "program_files",
      "folder": "EasyAntiCheat_EOS",
      "mtime": 1761887347.5999026
    },
    {
      "name": "Easyfmsi",
      "exe_path": "C:\\Program Files (x86)\\Futuremark\\SystemInfo\\EasyFMSI.exe",
      "source": "program_files",
      "folder": "SystemInfo",
      "mtime": 1756158998.0
    },
    {
      "name": "Fmsicompat",
      "exe_path": "C:\\Program Files (x86)\\Futuremark\\SystemInfo\\FMSICompat.exe",
      "source": "program_files",
      "folder": "SystemInfo",
      "mtime": 1756158998.0
    },
    {
      "name": "Fmsidiag",
      "exe_path": "C:\\Program Files (x86)\\Futuremark\\SystemInfo\\FMSIDiag.exe",
      "source": "program_files",
      "folder": "SystemInfo",
      "mtime": 1756159000.0
    },
    {
      "name": "Fmsiscan",
      "exe_path": "C:\\Program Files (x86)\\Futuremark\\SystemInfo\\FMSIScan.exe",
      "source": "program_files",
      "folder": "SystemInfo",
      "mtime": 1756159002.0
    },
    {
      "name": "Fmsisvc",
      "exe_path": "C:\\Program Files (x86)\\Futuremark\\SystemInfo\\FMSISvc.exe",
      "source": "program_files",
      "folder": "SystemInfo",
      "mtime": 1756159002.0
    },
    {
      "name": "Fmsix",
      "exe_path": "C:\\Program Files (x86)\\Futuremark\\SystemInfo\\FMSIX.exe",
      "source": "program_files",
      "folder": "SystemInfo",
      "mtime": 1756159004.0
    },
    {
      "name": "Extexport",
      "exe_path": "C:\\Program Files (x86)\\Internet Explorer\\ExtExport.exe",
      "source": "program_files",
      "folder": "Internet Explorer",
      "mtime": 1765307913.1027968
    },
    {
      "name": "Ieinstal",
      "exe_path": "C:\\Program Files (x86)\\Internet Explorer\\ieinstal.exe",
      "source": "program_files",
      "folder": "Internet Explorer",
      "mtime": 1765307913.2347186
    },
    {
      "name": "Ielowutil",
      "exe_path": "C:\\Program Files (x86)\\Internet Explorer\\ielowutil.exe",
      "source": "program_files",
      "folder": "Internet Explorer",
      "mtime": 1711956138.5910475
    },
    {
      "name": "Iexplore",
      "exe_path": "C:\\Program Files (x86)\\Internet Explorer\\iexplore.exe",
      "source": "program_files",
      "folder": "Internet Explorer",
      "mtime": 1765307913.1353688
    },
    {
      "name": "Rzs3Wizardpkgs3",
      "exe_path": "C:\\Program Files (x86)\\Razer\\RzS3WizardPkg\\RzS3WizardPkgS3.exe",
      "source": "program_files",
      "folder": "RzS3WizardPkg",
      "mtime": 1686926246.0
    },
    {
      "name": "Drivers",
      "exe_path": "C:\\Program Files (x86)\\Steam\\bin\\drivers.exe",
      "source": "program_files",
      "folder": "bin",
      "mtime": 1755719174.0
    },
    {
      "name": "Fossilize Replay",
      "exe_path": "C:\\Program Files (x86)\\Steam\\bin\\fossilize-replay.exe",
      "source": "program_files",
      "folder": "bin",
      "mtime": 1763795002.0
    },
    {
      "name": "Fossilize Replay64",
      "exe_path": "C:\\Program Files (x86)\\Steam\\bin\\fossilize-replay64.exe",
      "source": "program_files",
      "folder": "bin",
      "mtime": 1763795010.0
    },
    {
      "name": "Gldriverquery",
      "exe_path": "C:\\Program Files (x86)\\Steam\\bin\\gldriverquery.exe",
      "source": "program_files",
      "folder": "bin",
      "mtime": 1507929144.0
    },
    {
      "name": "Gldriverquery64",
      "exe_path": "C:\\Program Files (x86)\\Steam\\bin\\gldriverquery64.exe",
      "source": "program_files",
      "folder": "bin",
      "mtime": 1509469058.0
    },
    {
      "name": "Secure Desktop Capture",
      "exe_path": "C:\\Program Files (x86)\\Steam\\bin\\secure_desktop_capture.exe",
      "source": "program_files",
      "folder": "bin",
      "mtime": 1763795004.0
    },
    {
      "name": "Steamxboxutil",
      "exe_path": "C:\\Program Files (x86)\\Steam\\bin\\steamxboxutil.exe",
      "source": "program_files",
      "folder": "bin",
      "mtime": 1763795004.0
    },
    {
      "name": "Steamxboxutil64",
      "exe_path": "C:\\Program Files (x86)\\Steam\\bin\\steamxboxutil64.exe",
      "source": "program_files",
      "folder": "bin",
      "mtime": 1763795010.0
    },
    {
      "name": "Steam Monitor",
      "exe_path": "C:\\Program Files (x86)\\Steam\\bin\\steam_monitor.exe",
      "source": "program_files",
      "folder": "bin",
      "mtime": 1763795004.0
    },
    {
      "name": "Vulkandriverquery",
      "exe_path": "C:\\Program Files (x86)\\Steam\\bin\\vulkandriverquery.exe",
      "source": "program_files",
      "folder": "bin",
      "mtime": 1763795004.0
    },
    {
      "name": "Vulkandriverquery64",
      "exe_path": "C:\\Program Files (x86)\\Steam\\bin\\vulkandriverquery64.exe",
      "source": "program_files",
      "folder": "bin",
      "mtime": 1763795010.0
    },
    {
      "name": "Gameoverlayui",
      "exe_path": "C:\\Program Files (x86)\\Steam\\gameoverlayui.exe",
      "source": "program_files",
      "folder": "Steam",
      "mtime": 1763795000.0
    },
    {
      "name": "Gameoverlayui64",
      "exe_path": "C:\\Program Files (x86)\\Steam\\gameoverlayui64.exe",
      "source": "program_files",
      "folder": "Steam",
      "mtime": 1763795010.0
    },
    {
      "name": "Steam",
      "exe_path": "C:\\Program Files (x86)\\Steam\\steam.exe",
      "source": "program_files",
      "folder": "Steam",
      "mtime": 1763795000.0
    },
    {
      "name": "Steamerrorreporter",
      "exe_path": "C:\\Program Files (x86)\\Steam\\steamerrorreporter.exe",
      "source": "program_files",
      "folder": "Steam",
      "mtime": 1763795006.0
    },
    {
      "name": "Steamerrorreporter64",
      "exe_path": "C:\\Program Files (x86)\\Steam\\steamerrorreporter64.exe",
      "source": "program_files",
      "folder": "Steam",
      "mtime": 1763795012.0
    },
    {
      "name": "Steamsysinfo",
      "exe_path": "C:\\Program Files (x86)\\Steam\\steamsysinfo.exe",
      "source": "program_files",
      "folder": "Steam",
      "mtime": 1763795008.0
    },
    {
      "name": "Streaming",
      "exe_path": "C:\\Program Files (x86)\\Steam\\streaming_client.exe",
      "source": "program_files",
      "folder": "Steam",
      "mtime": 1763795008.0
    },
    {
      "name": "Writeminidump",
      "exe_path": "C:\\Program Files (x86)\\Steam\\WriteMiniDump.exe",
      "source": "program_files",
      "folder": "Steam",
      "mtime": 1326478852.0
    },
    {
      "name": "Comfyui",
      "exe_path": "C:\\Users\\kolyw\\AppData\\Local\\Programs\\ComfyUI\\ComfyUI.exe",
      "source": "user_programs",
      "folder": "ComfyUI",
      "mtime": 1761843904.0
    },
    {
      "name": "Elevate",
      "exe_path": "C:\\Users\\kolyw\\AppData\\Local\\Programs\\ComfyUI\\resources\\elevate.exe",
      "source": "user_programs",
      "folder": "resources",
      "mtime": 1761843904.0
    },
    {
      "name": "Code Tunnel",
      "exe_path": "C:\\Users\\kolyw\\AppData\\Local\\Programs\\Microsoft VS Code\\bin\\code-tunnel.exe",
      "source": "user_programs",
      "folder": "bin",
      "mtime": 1765371746.0
    },
    {
      "name": "Code",
      "exe_path": "C:\\Users\\kolyw\\AppData\\Local\\Programs\\Microsoft VS Code\\Code.exe",
      "source": "user_programs",
      "folder": "Microsoft VS Code",
      "mtime": 1765371746.0
    },
    {
      "name": "Ollama App",
      "exe_path": "C:\\Users\\kolyw\\AppData\\Local\\Programs\\Ollama\\ollama app.exe",
      "source": "user_programs",
      "folder": "Ollama",
      "mtime": 1763605218.0
    },
    {
      "name": "Ollama",
      "exe_path": "C:\\Users\\kolyw\\AppData\\Local\\Programs\\Ollama\\ollama.exe",
      "source": "user_programs",
      "folder": "Ollama",
      "mtime": 1763605218.0
    },
    {
      "name": "Python",
      "exe_path": "C:\\Users\\kolyw\\AppData\\Local\\Programs\\Python\\Python311\\python.exe",
      "source": "user_programs",
      "folder": "Python311",
      "mtime": 1712079800.0
    },
    {
      "name": "Pythonw",
      "exe_path": "C:\\Users\\kolyw\\AppData\\Local\\Programs\\Python\\Python311\\pythonw.exe",
      "source": "user_programs",
      "folder": "Python311",
      "mtime": 1712079800.0
    }
  ],
  "games": [
    {
      "name": "3DMark",
      "source": "steam",
      "launch": {
        "type": "steam_uri",
        "target": "steam://rungameid/223850"
      },
      "install_path": "c:\\program files (x86)\\steam\\steamapps\\common\\3DMark",
      "app_id": "223850",
      "aliases": [
        "3dmark"
      ],
      "confidence": 0.95
    },
    {
      "name": "Steamworks Common Redistributables",
      "source": "steam",
      "launch": {
        "type": "steam_uri",
        "target": "steam://rungameid/228980"
      },
      "install_path": "c:\\program files (x86)\\steam\\steamapps\\common\\Steamworks Shared",
      "app_id": "228980",
      "aliases": [
        "steamworks common redistributables"
      ],
      "confidence": 0.95
    },
    {
      "name": "SteamVR",
      "source": "steam",
      "launch": {
        "type": "steam_uri",
        "target": "steam://rungameid/250820"
      },
      "install_path": "c:\\program files (x86)\\steam\\steamapps\\common\\SteamVR",
      "app_id": "250820",
      "aliases": [
        "steamvr"
      ],
      "confidence": 0.95
    },
    {
      "name": "Liftoff",
      "source": "steam",
      "launch": {
        "type": "steam_uri",
        "target": "steam://rungameid/410340"
      },
      "install_path": "c:\\program files (x86)\\steam\\steamapps\\common\\Liftoff",
      "app_id": "410340",
      "aliases": [
        "liftoff"
      ],
      "confidence": 0.95
    },
    {
      "name": "Dinoblade Demo",
      "source": "steam",
      "launch": {
        "type": "steam_uri",
        "target": "steam://rungameid/4106740"
      },
      "install_path": "c:\\program files (x86)\\steam\\steamapps\\common\\Dinoblade Demo",
      "app_id": "4106740",
      "aliases": [
        "dinoblade demo"
      ],
      "confidence": 0.95
    },
    {
      "name": "Blade & Sorcery",
      "source": "steam",
      "launch": {
        "type": "steam_uri",
        "target": "steam://rungameid/629730"
      },
      "install_path": "c:\\program files (x86)\\steam\\steamapps\\common\\Blade & Sorcery",
      "app_id": "629730",
      "aliases": [
        "blade & sorcery"
      ],
      "confidence": 0.95
    },
    {
      "name": "Valheim",
      "source": "steam",
      "launch": {
        "type": "steam_uri",
        "target": "steam://rungameid/892970"
      },
      "install_path": "c:\\program files (x86)\\steam\\steamapps\\common\\Valheim",
      "app_id": "892970",
      "aliases": [
        "valheim"
      ],
      "confidence": 0.95
    },
    {
      "name": "Cyberpunk 2077",
      "source": "steam",
      "launch": {
        "type": "steam_uri",
        "target": "steam://rungameid/1091500"
      },
      "install_path": "D:\\SteamLibrary\\steamapps\\common\\Cyberpunk 2077",
      "app_id": "1091500",
      "aliases": [
        "cyberpunk 2077"
      ],
      "confidence": 0.95
    },
    {
      "name": "Rust",
      "source": "steam",
      "launch": {
        "type": "steam_uri",
        "target": "steam://rungameid/252490"
      },
      "install_path": "D:\\SteamLibrary\\steamapps\\common\\Rust",
      "app_id": "252490",
      "aliases": [
        "rust"
      ],
      "confidence": 0.95
    },
    {
      "name": "Conan Exiles",
      "source": "steam",
      "launch": {
        "type": "steam_uri",
        "target": "steam://rungameid/440900"
      },
      "install_path": "D:\\SteamLibrary\\steamapps\\common\\Conan Exiles",
      "app_id": "440900",
      "aliases": [
        "conan exiles"
      ],
      "confidence": 0.95
    },
    {
      "name": "The Elder Scrolls V: Skyrim VR",
      "source": "steam",
      "launch": {
        "type": "steam_uri",
        "target": "steam://rungameid/611670"
      },
      "install_path": "D:\\SteamLibrary\\steamapps\\common\\SkyrimVR",
      "app_id": "611670",
      "aliases": [
        "the elder scrolls v",
        "the elder scrolls v: skyrim vr"
      ],
      "confidence": 0.95
    },
    {
      "name": "ARC Raiders",
      "source": "epic",
      "launch": {
        "type": "epic_uri",
        "target": "com.epicgames.launcher://apps/20f01ab5e0fa4e798c6d58eeb8d86989?action=launch&silent=true"
      },
      "install_path": "C:/Program Files/Epic Games/ARCRaiders",
      "app_id": "20f01ab5e0fa4e798c6d58eeb8d86989",
      "aliases": [
        "arc raiders"
      ],
      "confidence": 0.95
    },
    {
      "name": "Rocket League\u00ae",
      "source": "epic",
      "launch": {
        "type": "epic_uri",
        "target": "com.epicgames.launcher://apps/Sugar?action=launch&silent=true"
      },
      "install_path": "C:/Program Files/Epic Games/rocketleague",
      "app_id": "Sugar",
      "aliases": [
        "rocket league\u00ae",
        "rl"
      ],
      "confidence": 0.95
    },
    {
      "name": "Hogwarts Legacy",
      "source": "epic",
      "launch": {
        "type": "epic_uri",
        "target": "com.epicgames.launcher://apps/fa4240e57a3c46b39f169041b7811293?action=launch&silent=true"
      },
      "install_path": "D:\\epic\\HogwartsLegacy",
      "app_id": "fa4240e57a3c46b39f169041b7811293",
      "aliases": [
        "hogwarts legacy"
      ],
      "confidence": 0.95
    },
    {
      "name": "Python 3.11 Module Docs (64-bit)",
      "source": "shortcut",
      "launch": {
        "type": "shortcut",
        "target": "C:\\Users\\kolyw\\AppData\\Roaming\\Microsoft\\Windows\\Start Menu\\Programs\\Python 3.11\\Python 3.11 Module Docs (64-bit).lnk"
      },
      "install_path": null,
      "app_id": null,
      "aliases": [
        "python 3.11 module docs ",
        "python 3.11 module docs (64-bit)"
      ],
      "confidence": 0.8
    },
    {
      "name": "Rockstar Games Launcher",
      "source": "shortcut",
      "launch": {
        "type": "shortcut",
        "target": "C:\\Users\\kolyw\\AppData\\Roaming\\Microsoft\\Windows\\Start Menu\\Programs\\Rockstar Games\\Rockstar Games Launcher.lnk"
      },
      "install_path": null,
      "app_id": null,
      "aliases": [
        "rockstar",
        "rockstar games launcher"
      ],
      "confidence": 0.8
    },
    {
      "name": "Steam",
      "source": "shortcut",
      "launch": {
        "type": "shortcut",
        "target": "C:\\Users\\kolyw\\AppData\\Roaming\\Microsoft\\Windows\\Start Menu\\Programs\\Steam\\Steam.lnk"
      },
      "install_path": null,
      "app_id": null,
      "aliases": [
        "steam"
      ],
      "confidence": 0.8
    },
    {
      "name": "Visual Studio Code",
      "source": "shortcut",
      "launch": {
        "type": "shortcut",
        "target": "C:\\Users\\kolyw\\AppData\\Roaming\\Microsoft\\Windows\\Start Menu\\Programs\\Visual Studio Code\\Visual Studio Code.lnk"
      },
      "install_path": null,
      "app_id": null,
      "aliases": [
        "visual studio code"
      ],
      "confidence": 0.8
    },
    {
      "name": "Windows Media Player Legacy",
      "source": "shortcut",
      "launch": {
        "type": "shortcut",
        "target": "C:\\ProgramData\\Microsoft\\Windows\\Start Menu\\Programs\\Accessories\\Windows Media Player Legacy.lnk"
      },
      "install_path": null,
      "app_id": null,
      "aliases": [
        "windows media player legacy"
      ],
      "confidence": 0.8
    },
    {
      "name": "iSCSI Initiator",
      "source": "shortcut",
      "launch": {
        "type": "shortcut",
        "target": "C:\\ProgramData\\Microsoft\\Windows\\Start Menu\\Programs\\Administrative Tools\\iSCSI Initiator.lnk"
      },
      "install_path": null,
      "app_id": null,
      "aliases": [
        "iscsi initiator"
      ],
      "confidence": 0.8
    },
    {
      "name": "Memory Diagnostics Tool",
      "source": "shortcut",
      "launch": {
        "type": "shortcut",
        "target": "C:\\ProgramData\\Microsoft\\Windows\\Start Menu\\Programs\\Administrative Tools\\Memory Diagnostics Tool.lnk"
      },
      "install_path": null,
      "app_id": null,
      "aliases": [
        "memory diagnostics tool"
      ],
      "confidence": 0.8
    },
    {
      "name": "Battlestate Games Launcher",
      "source": "shortcut",
      "launch": {
        "type": "shortcut",
        "target": "C:\\ProgramData\\Microsoft\\Windows\\Start Menu\\Programs\\Battlestate Games\\Battlestate Games Launcher.lnk"
      },
      "install_path": null,
      "app_id": null,
      "aliases": [
        "battlestate",
        "battlestate games launcher"
      ],
      "confidence": 0.8
    },
    {
      "name": "Epic Games Launcher",
      "source": "shortcut",
      "launch": {
        "type": "shortcut",
        "target": "C:\\ProgramData\\Microsoft\\Windows\\Start Menu\\Programs\\Epic Games Launcher.lnk"
      },
      "install_path": null,
      "app_id": null,
      "aliases": [
        "epic games launcher",
        "epic"
      ],
      "confidence": 0.8
    },
    {
      "name": "Civilization",
      "source": "shortcut",
      "launch": {
        "type": "shortcut",
        "target": "C:\\Users\\kolyw\\Desktop\\Civilization.lnk"
      },
      "install_path": null,
      "app_id": null,
      "aliases": [
        "civilization"
      ],
      "confidence": 0.8
    },
    {
      "name": "ARCRaiders",
      "source": "folder_scan",
      "launch": {
        "type": "exe",
        "target": "C:\\Program Files\\Epic Games\\ARCRaiders\\PioneerGame.exe"
      },
      "install_path": "C:\\Program Files\\Epic Games\\ARCRaiders",
      "app_id": null,
      "aliases": [
        "arcraiders"
      ],
      "confidence": 0.7
    },
    {
      "name": "Launcher",
      "source": "folder_scan",
      "launch": {
        "type": "exe",
        "target": "C:\\Program Files\\Rockstar Games\\Launcher\\Launcher.exe"
      },
      "install_path": "C:\\Program Files\\Rockstar Games\\Launcher",
      "app_id": null,
      "aliases": [
        "launcher"
      ],
      "confidence": 0.7
    },
    {
      "name": "bin",
      "source": "folder_scan",
      "launch": {
        "type": "exe",
        "target": "C:\\Program Files (x86)\\Steam\\bin\\fossilize-replay.exe"
      },
      "install_path": "C:\\Program Files (x86)\\Steam\\bin",
      "app_id": null,
      "aliases": [
        "bin"
      ],
      "confidence": 0.7
    },
    {
      "name": "Tcui",
      "source": "xbox",
      "launch": {
        "type": "uwp",
        "target": "shell:AppsFolder\\Microsoft.Xbox.TCUI_8wekyb3d8bbwe!App"
      },
      "install_path": null,
      "app_id": "Microsoft.Xbox.TCUI_8wekyb3d8bbwe",
      "aliases": [
        "tcui"
      ],
      "confidence": 0.75
    },
    {
      "name": "Xboxgameoverlay",
      "source": "xbox",
      "launch": {
        "type": "uwp",
        "target": "shell:AppsFolder\\Microsoft.XboxGameOverlay_8wekyb3d8bbwe!App"
      },
      "install_path": null,
      "app_id": "Microsoft.XboxGameOverlay_8wekyb3d8bbwe",
      "aliases": [
        "xboxgameoverlay"
      ],
      "confidence": 0.75
    },
    {
      "name": "Bo7Dlc16Gamepasspotracker",
      "source": "xbox",
      "launch": {
        "type": "uwp",
        "target": "shell:AppsFolder\\38985CA0.BO7DLC16GamePassPOTracker_5bkah9njm3e9g!App"
      },
      "install_path": null,
      "app_id": "38985CA0.BO7DLC16GamePassPOTracker_5bkah9njm3e9g",
      "aliases": [
        "bo7dlc16gamepasspotracker"
      ],
      "confidence": 0.75
    },
    {
      "name": "Bo6Dlc62Gamepasspack04",
      "source": "xbox",
      "launch": {
        "type": "uwp",
        "target": "shell:AppsFolder\\38985CA0.BO6DLC62GamePassPack04_5bkah9njm3e9g!App"
      },
      "install_path": null,
      "app_id": "38985CA0.BO6DLC62GamePassPack04_5bkah9njm3e9g",
      "aliases": [
        "bo6dlc62gamepasspack04"
      ],
      "confidence": 0.75
    },
    {
      "name": "Bo7Dlc01Gamestub01",
      "source": "xbox",
      "launch": {
        "type": "uwp",
        "target": "shell:AppsFolder\\38985CA0.BO7DLC01GameStub01_5bkah9njm3e9g!App"
      },
      "install_path": null,
      "app_id": "38985CA0.BO7DLC01GameStub01_5bkah9njm3e9g",
      "aliases": [
        "bo7dlc01gamestub01"
      ],
      "confidence": 0.75
    },
    {
      "name": "Bo7Dlc19Gamepasslaunchtracker",
      "source": "xbox",
      "launch": {
        "type": "uwp",
        "target": "shell:AppsFolder\\38985CA0.BO7DLC19GamePassLaunchTracker_5bkah9njm3e9g!App"
      },
      "install_path": null,
      "app_id": "38985CA0.BO7DLC19GamePassLaunchTracker_5bkah9njm3e9g",
      "aliases": [
        "bo7dlc19gamepasslaunchtracker"
      ],
      "confidence": 0.75
    },
    {
      "name": "Bo6Pcmsdlc07Gamepasslaunchtracker",
      "source": "xbox",
      "launch": {
        "type": "uwp",
        "target": "shell:AppsFolder\\38985CA0.BO6PCMSDLC07GamePassLaunchTracker_5bkah9njm3e9g!App"
      },
      "install_path": null,
      "app_id": "38985CA0.BO6PCMSDLC07GamePassLaunchTracker_5bkah9njm3e9g",
      "aliases": [
        "bo6pcmsdlc07gamepasslaunchtracker"
      ],
      "confidence": 0.75
    },
    {
      "name": "Mwiipcmsdlc01Gamestub01",
      "source": "xbox",
      "launch": {
        "type": "uwp",
        "target": "shell:AppsFolder\\38985CA0.MWIIPCMSDLC01GameStub01_5bkah9njm3e9g!App"
      },
      "install_path": null,
      "app_id": "38985CA0.MWIIPCMSDLC01GameStub01_5bkah9njm3e9g",
      "aliases": [
        "mwiipcmsdlc01gamestub01"
      ],
      "confidence": 0.75
    },
    {
      "name": "Bo6Pcmsdlc01Bo6Gamestub01",
      "source": "xbox",
      "launch": {
        "type": "uwp",
        "target": "shell:AppsFolder\\38985CA0.BO6PCMSDLC01BO6GameStub01_5bkah9njm3e9g!App"
      },
      "install_path": null,
      "app_id": "38985CA0.BO6PCMSDLC01BO6GameStub01_5bkah9njm3e9g",
      "aliases": [
        "bo6pcmsdlc01bo6gamestub01"
      ],
      "confidence": 0.75
    },
    {
      "name": "Mw3Pcmsdlc10Gamepasstracker",
      "source": "xbox",
      "launch": {
        "type": "uwp",
        "target": "shell:AppsFolder\\38985CA0.MW3PCMSDLC10GamePassTracker_5bkah9njm3e9g!App"
      },
      "install_path": null,
      "app_id": "38985CA0.MW3PCMSDLC10GamePassTracker_5bkah9njm3e9g",
      "aliases": [
        "mw3pcmsdlc10gamepasstracker"
      ],
      "confidence": 0.75
    },
    {
      "name": "Mw3Pcmsdlc01Gamestub01",
      "source": "xbox",
      "launch": {
        "type": "uwp",
        "target": "shell:AppsFolder\\38985CA0.MW3PCMSDLC01GameStub01_5bkah9njm3e9g!App"
      },
      "install_path": null,
      "app_id": "38985CA0.MW3PCMSDLC01GameStub01_5bkah9njm3e9g",
      "aliases": [
        "mw3pcmsdlc01gamestub01"
      ],
      "confidence": 0.75
    },
    {
      "name": "Mwiidlc04Gamestub04",
      "source": "xbox",
      "launch": {
        "type": "uwp",
        "target": "shell:AppsFolder\\38985CA0.MWIIDLC04GameStub04_5bkah9njm3e9g!App"
      },
      "install_path": null,
      "app_id": "38985CA0.MWIIDLC04GameStub04_5bkah9njm3e9g",
      "aliases": [
        "mwiidlc04gamestub04"
      ],
      "confidence": 0.75
    },
    {
      "name": "Printqueueactioncenter",
      "source": "xbox",
      "launch": {
        "type": "uwp",
        "target": "shell:AppsFolder\\Microsoft.Windows.PrintQueueActionCenter_cw5n1h2txyewy!App"
      },
      "install_path": null,
      "app_id": "Microsoft.Windows.PrintQueueActionCenter_cw5n1h2txyewy",
      "aliases": [
        "printqueueactioncenter"
      ],
      "confidence": 0.75
    },
    {
      "name": "Xboxgamecallableui",
      "source": "xbox",
      "launch": {
        "type": "uwp",
        "target": "shell:AppsFolder\\Microsoft.XboxGameCallableUI_cw5n1h2txyewy!App"
      },
      "install_path": null,
      "app_id": "Microsoft.XboxGameCallableUI_cw5n1h2txyewy",
      "aliases": [
        "xboxgamecallableui"
      ],
      "confidence": 0.75
    },
    {
      "name": "Xboxgamingoverlay",
      "source": "xbox",
      "launch": {
        "type": "uwp",
        "target": "shell:AppsFolder\\Microsoft.XboxGamingOverlay_8wekyb3d8bbwe!App"
      },
      "install_path": null,
      "app_id": "Microsoft.XboxGamingOverlay_8wekyb3d8bbwe",
      "aliases": [
        "xboxgamingoverlay"
      ],
      "confidence": 0.75
    },
    {
      "name": "Xboxspeechtotextoverlay",
      "source": "xbox",
      "launch": {
        "type": "uwp",
        "target": "shell:AppsFolder\\Microsoft.XboxSpeechToTextOverlay_8wekyb3d8bbwe!App"
      },
      "install_path": null,
      "app_id": "Microsoft.XboxSpeechToTextOverlay_8wekyb3d8bbwe",
      "aliases": [
        "xboxspeechtotextoverlay"
      ],
      "confidence": 0.75
    },
    {
      "name": "Xboxidentityprovider",
      "source": "xbox",
      "launch": {
        "type": "uwp",
        "target": "shell:AppsFolder\\Microsoft.XboxIdentityProvider_8wekyb3d8bbwe!App"
      },
      "install_path": null,
      "app_id": "Microsoft.XboxIdentityProvider_8wekyb3d8bbwe",
      "aliases": [
        "xboxidentityprovider"
      ],
      "confidence": 0.75
    },
    {
      "name": "Xboxapp",
      "source": "xbox",
      "launch": {
        "type": "uwp",
        "target": "shell:AppsFolder\\Microsoft.XboxApp_8wekyb3d8bbwe!App"
      },
      "install_path": null,
      "app_id": "Microsoft.XboxApp_8wekyb3d8bbwe",
      "aliases": [
        "xboxapp"
      ],
      "confidence": 0.75
    },
    {
      "name": "Microsoftsolitairecollection",
      "source": "xbox",
      "launch": {
        "type": "uwp",
        "target": "shell:AppsFolder\\Microsoft.MicrosoftSolitaireCollection_8wekyb3d8bbwe!App"
      },
      "install_path": null,
      "app_id": "Microsoft.MicrosoftSolitaireCollection_8wekyb3d8bbwe",
      "aliases": [
        "microsoftsolitairecollection"
      ],
      "confidence": 0.75
    }
  ],
  "games_scan_meta": {
    "last_refresh": "2025-12-13 02:15:17",
    "counts": {
      "steam": 18,
      "epic": 3,
      "shortcuts": 13,
      "folder_scan": 3,
      "xbox": 19
    },
    "sources": {
      "steam": true,
      "epic": true,
      "shortcuts": true,
      "folder_scan": true,
      "xbox": true
    },
    "total_games": 46
  },
  "uwp_apps": [
    {
      "name": "3D Viewer",
      "app_id": "Microsoft.Microsoft3DViewer_8wekyb3d8bbwe!Microsoft.Microsoft3DViewer",
      "source": "uwp",
      "aliases": [
        "3d viewer"
      ]
    },
    {
      "name": "Avowed",
      "app_id": "Microsoft.Avowed_8wekyb3d8bbwe!AppAvowedShipping",
      "source": "uwp",
      "aliases": [
        "avowed"
      ]
    },
    {
      "name": "Calculator",
      "app_id": "Microsoft.WindowsCalculator_8wekyb3d8bbwe!App",
      "source": "uwp",
      "aliases": [
        "calculator"
      ]
    },
    {
      "name": "Calendar",
      "app_id": "microsoft.windowscommunicationsapps_8wekyb3d8bbwe!microsoft.windowslive.calendar",
      "source": "uwp",
      "aliases": [
        "calendar"
      ]
    },
    {
      "name": "Call of Dutyr",
      "app_id": "38985CA0.COREBase_5bkah9njm3e9g!codShip",
      "source": "uwp",
      "aliases": [
        "call of dutyr",
        "call"
      ]
    },
    {
      "name": "Camera",
      "app_id": "Microsoft.WindowsCamera_8wekyb3d8bbwe!App",
      "source": "uwp",
      "aliases": [
        "camera"
      ]
    },
    {
      "name": "ChatGPT",
      "app_id": "OpenAI.ChatGPT-Desktop_2p2nqsd0c76g0!ChatGPT",
      "source": "uwp",
      "aliases": [
        "chatgpt"
      ]
    },
    {
      "name": "Click to Do",
      "app_id": "MicrosoftWindows.Client.CoreAI_cw5n1h2txyewy!ClickToDoApp",
      "source": "uwp",
      "aliases": [
        "click to do",
        "click"
      ]
    },
    {
      "name": "Clock",
      "app_id": "Microsoft.WindowsAlarms_8wekyb3d8bbwe!App",
      "source": "uwp",
      "aliases": [
        "clock"
      ]
    },
    {
      "name": "Copilot",
      "app_id": "Microsoft.Copilot_8wekyb3d8bbwe!App",
      "source": "uwp",
      "aliases": [
        "copilot"
      ]
    },
    {
      "name": "Dolby Access",
      "app_id": "DolbyLaboratories.DolbyAccess_rz1tebttyb220!App",
      "source": "uwp",
      "aliases": [
        "dolby access",
        "dolby"
      ]
    },
    {
      "name": "DuckDuckGo",
      "app_id": "DuckDuckGo.DesktopBrowser_ya2fgkz3nks94!App",
      "source": "uwp",
      "aliases": [
        "duckduckgo"
      ]
    },
    {
      "name": "Feedback Hub",
      "app_id": "Microsoft.WindowsFeedbackHub_8wekyb3d8bbwe!App",
      "source": "uwp",
      "aliases": [
        "feedback hub",
        "feedback"
      ]
    },
    {
      "name": "Game Bar",
      "app_id": "Microsoft.XboxGamingOverlay_8wekyb3d8bbwe!App",
      "source": "uwp",
      "aliases": [
        "game bar",
        "game"
      ]
    },
    {
      "name": "Get Help",
      "app_id": "Microsoft.GetHelp_8wekyb3d8bbwe!App",
      "source": "uwp",
      "aliases": [
        "get help",
        "get"
      ]
    },
    {
      "name": "Get Started",
      "app_id": "MicrosoftWindows.Client.CBS_cw5n1h2txyewy!WebExperienceHost",
      "source": "uwp",
      "aliases": [
        "get started",
        "get"
      ]
    },
    {
      "name": "Mail",
      "app_id": "microsoft.windowscommunicationsapps_8wekyb3d8bbwe!microsoft.windowslive.mail",
      "source": "uwp",
      "aliases": [
        "mail"
      ]
    },
    {
      "name": "Maps",
      "app_id": "Microsoft.WindowsMaps_8wekyb3d8bbwe!App",
      "source": "uwp",
      "aliases": [
        "maps"
      ]
    },
    {
      "name": "Media Player",
      "app_id": "Microsoft.ZuneMusic_8wekyb3d8bbwe!Microsoft.ZuneMusic",
      "source": "uwp",
      "aliases": [
        "media player",
        "media"
      ]
    },
    {
      "name": "Microsoft 365 Copilot",
      "app_id": "Microsoft.MicrosoftOfficeHub_8wekyb3d8bbwe!Microsoft.MicrosoftOfficeHub",
      "source": "uwp",
      "aliases": [
        "microsoft 365 copilot",
        "microsoft"
      ]
    },
    {
      "name": "Microsoft Clipchamp",
      "app_id": "Clipchamp.Clipchamp_yxz26nhyzhsrt!App",
      "source": "uwp",
      "aliases": [
        "microsoft clipchamp",
        "microsoft"
      ]
    },
    {
      "name": "Microsoft Store",
      "app_id": "Microsoft.WindowsStore_8wekyb3d8bbwe!App",
      "source": "uwp",
      "aliases": [
        "microsoft store",
        "microsoft"
      ]
    },
    {
      "name": "Microsoft Teams",
      "app_id": "MSTeams_8wekyb3d8bbwe!MSTeams",
      "source": "uwp",
      "aliases": [
        "microsoft teams",
        "microsoft"
      ]
    },
    {
      "name": "Microsoft To Do",
      "app_id": "Microsoft.Todos_8wekyb3d8bbwe!App",
      "source": "uwp",
      "aliases": [
        "microsoft to do",
        "microsoft"
      ]
    },
    {
      "name": "Mixed Reality Portal",
      "app_id": "Microsoft.MixedReality.Portal_8wekyb3d8bbwe!App",
      "source": "uwp",
      "aliases": [
        "mixed reality portal",
        "mixed"
      ]
    },
    {
      "name": "Movies & TV",
      "app_id": "Microsoft.ZuneVideo_8wekyb3d8bbwe!Microsoft.ZuneVideo",
      "source": "uwp",
      "aliases": [
        "movies & tv",
        "movies"
      ]
    },
    {
      "name": "News",
      "app_id": "Microsoft.BingNews_8wekyb3d8bbwe!AppexNews",
      "source": "uwp",
      "aliases": [
        "news"
      ]
    },
    {
      "name": "Notepad",
      "app_id": "Microsoft.WindowsNotepad_8wekyb3d8bbwe!App",
      "source": "uwp",
      "aliases": [
        "notepad"
      ]
    },
    {
      "name": "NVIDIA Control Panel",
      "app_id": "NVIDIACorp.NVIDIAControlPanel_56jybvy8sckqj!NVIDIACorp.NVIDIAControlPanel",
      "source": "uwp",
      "aliases": [
        "nvidia control panel",
        "nvidia"
      ]
    },
    {
      "name": "OneNote for Windows 10",
      "app_id": "Microsoft.Office.OneNote_8wekyb3d8bbwe!microsoft.onenoteim",
      "source": "uwp",
      "aliases": [
        "onenote for windows 10",
        "onenote"
      ]
    },
    {
      "name": "Outlook",
      "app_id": "Microsoft.OutlookForWindows_8wekyb3d8bbwe!Microsoft.OutlookforWindows",
      "source": "uwp",
      "aliases": [
        "outlook"
      ]
    },
    {
      "name": "Paint",
      "app_id": "Microsoft.Paint_8wekyb3d8bbwe!App",
      "source": "uwp",
      "aliases": [
        "paint"
      ]
    },
    {
      "name": "Paint 3D",
      "app_id": "Microsoft.MSPaint_8wekyb3d8bbwe!Microsoft.MSPaint",
      "source": "uwp",
      "aliases": [
        "paint 3d",
        "paint"
      ]
    },
    {
      "name": "Pal",
      "app_id": "PocketpairInc.Palworld_ad4psfrxyesvt!AppPalShipping",
      "source": "uwp",
      "aliases": [
        "pal"
      ]
    },
    {
      "name": "Phone Link",
      "app_id": "Microsoft.YourPhone_8wekyb3d8bbwe!App",
      "source": "uwp",
      "aliases": [
        "phone link",
        "phone"
      ]
    },
    {
      "name": "Photos",
      "app_id": "Microsoft.Windows.Photos_8wekyb3d8bbwe!App",
      "source": "uwp",
      "aliases": [
        "photos"
      ]
    },
    {
      "name": "Power Automate",
      "app_id": "Microsoft.PowerAutomateDesktop_8wekyb3d8bbwe!PAD.Console",
      "source": "uwp",
      "aliases": [
        "power automate",
        "power"
      ]
    },
    {
      "name": "Quick Assist",
      "app_id": "MicrosoftCorporationII.QuickAssist_8wekyb3d8bbwe!App",
      "source": "uwp",
      "aliases": [
        "quick assist",
        "quick"
      ]
    },
    {
      "name": "Settings",
      "app_id": "windows.immersivecontrolpanel_cw5n1h2txyewy!microsoft.windows.immersivecontrolpanel",
      "source": "uwp",
      "aliases": [
        "settings"
      ]
    },
    {
      "name": "Skype",
      "app_id": "Microsoft.SkypeApp_kzf8qxf38zg5c!App",
      "source": "uwp",
      "aliases": [
        "skype"
      ]
    },
    {
      "name": "Snipping Tool",
      "app_id": "Microsoft.ScreenSketch_8wekyb3d8bbwe!App",
      "source": "uwp",
      "aliases": [
        "snipping tool",
        "snipping"
      ]
    },
    {
      "name": "Solitaire & Casual Games",
      "app_id": "Microsoft.MicrosoftSolitaireCollection_8wekyb3d8bbwe!App",
      "source": "uwp",
      "aliases": [
        "solitaire & casual games",
        "solitaire"
      ]
    },
    {
      "name": "Sound Recorder",
      "app_id": "Microsoft.WindowsSoundRecorder_8wekyb3d8bbwe!App",
      "source": "uwp",
      "aliases": [
        "sound recorder",
        "sound"
      ]
    },
    {
      "name": "Spotify",
      "app_id": "SpotifyAB.SpotifyMusic_zpdnekdrzrea0!Spotify",
      "source": "uwp",
      "aliases": [
        "spotify"
      ]
    },
    {
      "name": "Starfield",
      "app_id": "BethesdaSoftworks.ProjectGold_3275kfvn8vcwc!Game",
      "source": "uwp",
      "aliases": [
        "starfield"
      ]
    },
    {
      "name": "Sticky Notes",
      "app_id": "Microsoft.MicrosoftStickyNotes_8wekyb3d8bbwe!App",
      "source": "uwp",
      "aliases": [
        "sticky notes",
        "sticky"
      ]
    },
    {
      "name": "Terminal",
      "app_id": "Microsoft.WindowsTerminal_8wekyb3d8bbwe!App",
      "source": "uwp",
      "aliases": [
        "terminal"
      ]
    },
    {
      "name": "Weather",
      "app_id": "Microsoft.BingWeather_8wekyb3d8bbwe!App",
      "source": "uwp",
      "aliases": [
        "weather"
      ]
    },
    {
      "name": "Windows Backup",
      "app_id": "MicrosoftWindows.Client.CBS_cw5n1h2txyewy!WindowsBackup",
      "source": "uwp",
      "aliases": [
        "windows backup",
        "windows"
      ]
    },
    {
      "name": "Windows Security",
      "app_id": "Microsoft.SecHealthUI_8wekyb3d8bbwe!SecHealthUI",
      "source": "uwp",
      "aliases": [
        "windows security",
        "windows"
      ]
    },
    {
      "name": "Xbox",
      "app_id": "Microsoft.GamingApp_8wekyb3d8bbwe!Microsoft.Xbox.App",
      "source": "uwp",
      "aliases": [
        "xbox"
      ]
    },
    {
      "name": "Xbox Console Companion",
      "app_id": "Microsoft.XboxApp_8wekyb3d8bbwe!Microsoft.XboxApp",
      "source": "uwp",
      "aliases": [
        "xbox console companion",
        "xbox"
      ]
    }
  ],
  "uwp_scan_meta": {
    "last_refresh": "2025-12-13 02:15:18",
    "count": 52,
    "status": "ok"
  },
  "chrome_apps": [],
  "chrome_scan_meta": {
    "last_refresh": "2025-12-13 02:15:18",
    "count": 0,
    "status": "ok"
  },
  "scan_meta": {
    "last_refresh": "2025-12-13 01:31:07",
    "dirs": {
      "C:\\Program Files": 1764954891.3759713,
      "C:\\Program Files (x86)": 1764191160.0504584,
      "C:\\Users\\kolyw\\AppData\\Local\\Programs": 1762576439.533184
    }
  }
}